*output-file-sequence*,
*output-file-chronology*,
*context-table-name*,
*observation-table-name*,
*inference-table-name*,
*period-table-name*,
*phase-table-name*,
*radiocarbon-table-name*,
*date-order-table-name*,
*context-table-header*,
*observation-table-header*,
*inference-table-header*,
*period-table-header*,
*phase-table-header*,
*radiocarbon-table-header*,
*date-order-table-header*,
*symbolize-unit-type*,
*create-chronology-graph*,
*node-fill-by*,
*node-shape-by*,
*reachable-from*,
*reachable-limit*,
*url-include*,
*url-default*,
*legend*,
*assume-correlations-true*,
*use-fast-matrix*,
*style-edge-sequence*,
*style-node-sequence*,
*style-node-chronology*,
*color-scheme-sequence*,
*color-scheme-chronology*,
*color-space*,
*color-label-dark*,
*color-label-light*,
*color-reachable*,
*color-not-reachable*,
*color-origin*,
*color-adjacent*,
*color-edge-sequence*,
*color-fill-graph-sequence*,
*color-node-sequence*,
*color-fill-node-sequence*,
*color-edge-chronology*,
*color-node-chronology*,
*color-fill-node-chronology*,
*color-fill-node-deposit*,
*color-fill-node-interface*,
*color-fill-node-legend*,
*color-fill-graph-chronology*,
*shape-reachable*,
*shape-not-reachable*,
*shape-origin*,
*shape-adjacent*,
*shape-phase*,
*shape-date*,
*graph-title-sequence*,
*graph-labelloc-sequence*,
*graph-style-sequence*,
*graph-size-sequence*,
*graph-ratio-sequence*,
*graph-page-sequence*,
*graph-dpi-sequence*,
*graph-margin-sequence*,
*graph-title-chronology*,
*graph-labelloc-chronology*,
*graph-style-chronology*,
*graph-size-chronology*,
*graph-ratio-chronology*,
*graph-page-chronology*,
*graph-dpi-chronology*,
*graph-margin-chronology*,
*font-color-label-break*,
*font-name-graph-sequence*,
*font-size-graph-sequence*,
*font-color-graph-sequence*,
*font-name-edge-sequence*,
*font-size-edge-sequence*,
*font-color-edge-sequence*,
*font-name-node-sequence*,
*font-size-node-sequence*,
*font-color-node-sequence*,
*font-name-graph-chronology*,
*font-size-graph-chronology*,
*font-color-graph-chronology*,
*font-name-edge-chronology*,
*font-size-edge-chronology*,
*font-color-edge-chronology*,
*font-name-node-chronology*,
*font-size-node-chronology*,
*font-color-node-chronology*,
*shape-node-legend*,
*shape-node-interface*,
*shape-node-deposit*,
*graph-splines-sequence*,
*graph-splines-chronology*,
*edge-arrowhead-sequence*,
*edge-arrowhead-chronology*,
*edge-date-chronology*,
*edge-abutting-chronology*,
*edge-separated-chronology*,
